<?xml version="1.0" encoding="UTF-8"?>
<!DOCTYPE suite SYSTEM "http://testng.org/testng-1.0.dtd">
<suite name="Suite">

	<listeners>
	    <listener class-name="com.falcon.base.AnnotationTransformer" />
		<listener class-name="com.falcon.base.Retry" />
	</listeners>

<!-- <parameter name="environment" value="${environment}" /> -->
<parameter name="environment" value="QA" />

  
  
   <test name="Conversion API">
   <classes>
	     <class name="com.falcon.apitesting.FalconAPI">
		  <methods>
			 <include name="fileUpload">
			  <parameter name="testcaseName" value="File upload - Falcon API"/>
			  </include>
			 <include name="statusConversion">
			  <parameter name="testcaseName" value="Status - Falcon API"/>
			  </include>
		   </methods>
	  </class>  
  </classes>  
  </test>  
  
  
   
  
  
</suite> <!-- Suite -->
