<?xml version="1.0" encoding="UTF-8"?>
<!DOCTYPE suite SYSTEM "http://testng.org/testng-1.0.dtd">
<suite name="Reserve_API_Automation" parallel="tests" thread-count="0" verbose="5">
	<!-- ReserveAPIAutomation -->
	<test name="Reserve api automation"  preserve-order="true">
		<classes>
		
	 <class name="com.reserve.apitesting.Publisher">
				<methods>				
					<include name="verifyCheckWhetherAbleToCreateThePublisher">
						<parameter name="testcaseid" value="1298996"/>
					</include>
				 	<include name="verifyCheckWhetherAbleToReadThePublisher">
						<parameter name="testcaseid" value="1298997"/>
					</include>
					<include name="verifyCheckWhetherAbleToUpdateThePublisher">
						<parameter name="testcaseid" value="1298998"/>
					</include>
					<include name="verifyCheckWhetherAbleToDeleteThePublisher">
						<parameter name="testcaseid" value="1298999"/>
					</include> 
				</methods>
			</class>	  
			
 		<class name="com.reserve.apitesting.JournalClass">
				<methods>						
					<include name="verifyCheckWhetherAbleToCreateJournalClass">
						<parameter name="testcaseid" value="1299000"/>
					</include> 
			          <include name="verifyCheckWhetherAbleToReadJournalClass">
					     <parameter name="testcaseid" value="1299001"/>
					</include> 
				<include name="verifyCheckWhetherAbleToUpdateJournalClass">
					     <parameter name="testcaseid" value="1299002"/>
					</include> 
						<include name="verifyCheckWhetherAbleToDeleteJournalClass">
						<parameter name="testcaseid" value="1299003"/>
					</include>
				</methods>
			</class>     
			
					<!--	<class name="com.reserve.apitesting.JournalSubClass">	
				<methods>						
						<include name="verifyCheckWhetherAbleToCreateJournalSubClass">
						<parameter name="testcaseid" value="1299004"/>
					</include> 
						<include name="verifyCheckWhetherAbleToReadJournalSubClass">
						<parameter name="testcaseid" value="1299005"/>
					</include> 
						<include name="verifyCheckWhetherAbleToUpdateJournalSubClass">
						<parameter name="testcaseid" value="1299006"/>
					</include> 
						<include name="verifyCheckWhetherAbleToDeleteJournalSubClass">
						<parameter name="testcaseid" value="1299007"/>
					</include> 			
			</methods>	
			</class>
			
			 <class name="com.reserve.apitesting.JournalProduct">
				<methods>						
					<include name="verifyCheckWhetherAbleToCreateProduct">
						<parameter name="testcaseid" value="1299008"/>
					</include> 
						<include name="verifyCheckWhetherAbleToReadProduct">
						<parameter name="testcaseid" value="1299009"/>
					</include> 
						<include name="verifyCheckWhetherAbleToUpdateProduct">
						<parameter name="testcaseid" value="1299010"/>
					</include> 							
					<include name="verifyCheckWhetherAbleToDeleteProduct">
						<parameter name="testcaseid" value="1299011"/>
					</include> 			
			</methods>	
			</class> 			
			
	     		 <class name="com.reserve.apitesting.ArticleMember">
				<methods>		
					<include name="verifyCheckWhetherAbleToCreateTheArticleMember">
						<parameter name="testcaseid" value="1299012"/>
					</include>
					<include name="verifyCheckWhetherAbleToReadTheArticleMember">
						<parameter name="testcaseid" value="1299013"/>
					</include>
					<include name="verifyCheckWhetherAbleToUpdateTheArticleMember">
						<parameter name="testcaseid" value="1299014"/>
					</include>
					<include name="verifyCheckWhetherAbleToDeleteTheArticleMember">
						<parameter name="testcaseid" value="1299015"/>
					</include> 
				</methods>
			</class>   	
			
			
			
			
			
				 <class name="com.reserve.apitesting.InnerworkMember">
				<methods>	
					<include name="verifyCheckWhetherAbleToCreateTheInnerworkMember">
						<parameter name="testcaseid" value="1299016"/>
					</include>
					<include name="verifyCheckWhetherAbleToReadTheInnerworkMember">
						<parameter name="testcaseid" value="1299017"/>
					</include>  
					<include name="verifyCheckWhetherAbleToUpdateTheInnerworkMember">
						<parameter name="testcaseid" value="1299018"/>
					</include>  
					<include name="verifyCheckWhetherAbleToDeleteTheInnerworkMember">
						<parameter name="testcaseid" value="1299019"/>
					</include>  
				</methods>
			</class>	
			
			
			
			 	<class name="com.reserve.apitesting.CompleteMember">
				<methods>	
					<include name="verifyCheckWhetherAbleToCreateTheCompleteMember">
						<parameter name="testcaseid" value="1299020"/>
					</include>
					<include name="verifyCheckWhetherAbleToReadTheCompleteMember">
						<parameter name="testcaseid" value="1299021"/>
					</include>
					<include name="verifyCheckWhetherAbleToUpdateTheCompleteMember">
						<parameter name="testcaseid" value="1299022"/>
					</include>
					<include name="verifyCheckWhetherAbleToDeleteTheCompleteMember">
						<parameter name="testcaseid" value="1299023"/>
					</include> 
				</methods>
			</class>
			 
			 
			 <class name="com.reserve.apitesting.CoverMember">
				<methods>				
					<include name="verifyCheckWhetherAbleToCreateTheCoverMember">
						<parameter name="testcaseid" value="1299024"/>
					</include>
					<include name="verifyCheckWhetherAbleToReadTheCoverMember">
						<parameter name="testcaseid" value="1299025"/>
					</include>
					<include name="verifyCheckWhetherAbleToUpdateTheCoverMember">
						<parameter name="testcaseid" value="1299026"/>
					</include>
					<include name="verifyCheckWhetherAbleToDeleteTheCoverMember">
						<parameter name="testcaseid" value="1299027"/>
					</include> 
				</methods>
			</class>	 
			
				
			<class name="com.reserve.apitesting.PeripheralMember">
				<methods>				
					<include name="verifyCheckWhetherAbleToCreateThePeripheralMember">
						<parameter name="testcaseid" value="1299028"/>
					</include>
					<include name="verifyCheckWhetherAbleToReadThePeripheralMember">
						<parameter name="testcaseid" value="1299029"/>
					</include>
					<include name="verifyCheckWhetherAbleToUpdateThePeripheralMember">
						<parameter name="testcaseid" value="1299030"/>
					</include>
					<include name="verifyCheckWhetherAbleToDeleteThePeripheralMember">
						<parameter name="testcaseid" value="1299031"/>
					</include> 
				</methods>
			</class>	 
			
			
				<class name="com.reserve.apitesting.RawMember">
				<methods>				
					<include name="verifyCheckWhetherAbleToCreateTheRawMember">
						<parameter name="testcaseid" value="1299032"/>
					</include>
					<include name="verifyCheckWhetherAbleToReadTheRawMember">
						<parameter name="testcaseid" value="1299033"/>
					</include>
					<include name="verifyCheckWhetherAbleToUpdateTheRawMember">
						<parameter name="testcaseid" value="1299034"/>
					</include>
					<include name="verifyCheckWhetherAbleToDeleteTheRawMember">
						<parameter name="testcaseid" value="1299035"/>
					</include> 
				</methods>
			</class>	 
   
		 <class name="com.reserve.apitesting.JournalArticleItemXML">
				<methods>						
					<include name="verifyCheckWhetherAbleToCreateJournal_ArticleItemXML">
						<parameter name="testcaseid" value="1299036"/>
					</include> 
						<include name="verifyCheckWhetherAbleToReadJournal_ArticleItemXML">
						<parameter name="testcaseid" value="1299037"/>
					</include> 
						<include name="verifyCheckWhetherAbleToUpdateJournal_ArticleItemXML">
						<parameter name="testcaseid" value="1299038"/>
					</include> 							
					<include name="verifyCheckWhetherAbleToDeleteJournal_ArticleItemXML">
						<parameter name="testcaseid" value="1299039"/>
					</include> 			
			</methods>	
			</class>  
			<class name="com.reserve.apitesting.JournalArticleItemPDF">
				<methods>						
					<include name="verifyCheckWhetherAbleToCreateJournal_ArticleItemPDF">
						<parameter name="testcaseid" value="1299040"/>
					</include> 
						<include name="verifyCheckWhetherAbleToReadJournal_ArticleItemPDF">
						<parameter name="testcaseid" value="1299041"/>
					</include> 
						<include name="verifyCheckWhetherAbleToUpdateJournal_ArticleItemPDF">
						<parameter name="testcaseid" value="1299042"/>
					</include> 							
					<include name="verifyCheckWhetherAbleToDeleteJournal_ArticleItemPDF">
						<parameter name="testcaseid" value="1299043"/>
					</include> 			
			</methods>	
			</class>
			<class name="com.reserve.apitesting.JournalArticleItemPicture">
				<methods>						
					<include name="verifyCheckWhetherAbleToCreateJournal_ArticleItemPicture">
						<parameter name="testcaseid" value="1299044"/>
					</include> 
						<include name="verifyCheckWhetherAbleToReadJournal_ArticleItemPicture">
						<parameter name="testcaseid" value="1299045"/>
					</include> 
						<include name="verifyCheckWhetherAbleToUpdateJournal_ArticleItemPicture">
						<parameter name="testcaseid" value="1299046"/>
					</include> 							
					<include name="verifyCheckWhetherAbleToDeleteJournal_ArticleItemPicture">
						<parameter name="testcaseid" value="1299047"/>
					</include> 			
			</methods>	
			</class>
			<class name="com.reserve.apitesting.JournalArticleItemAudio">
				<methods>						
					<include name="verifyCheckWhetherAbleToCreateJournal_ArticleItemAudio">
						<parameter name="testcaseid" value="1299048"/>
					</include> 
						<include name="verifyCheckWhetherAbleToReadJournal_ArticleItemAudio">
						<parameter name="testcaseid" value="1299049"/>
					</include> 
						<include name="verifyCheckWhetherAbleToUpdateJournal_ArticleItemAudio">
						<parameter name="testcaseid" value="1299050"/>
					</include> 							
					<include name="verifyCheckWhetherAbleToDeleteJournal_ArticleItemAudio">
						<parameter name="testcaseid" value="1299051"/>
					</include> 			
			</methods>	
			</class>
			  <class name="com.reserve.apitesting.JournalArticleItemVideo">
				<methods>						
					<include name="verifyCheckWhetherAbleToCreateJournal_ArticleItemVideo">
						<parameter name="testcaseid" value="1299052"/>
					</include> 
						<include name="verifyCheckWhetherAbleToReadJournal_ArticleItemVideo">
						<parameter name="testcaseid" value="1299053"/>
					</include> 
						<include name="verifyCheckWhetherAbleToUpdateJournal_ArticleItemVideo">
						<parameter name="testcaseid" value="1299054"/>
					</include> 							
					<include name="verifyCheckWhetherAbleToDeleteJournal_ArticleItemVideo">
						<parameter name="testcaseid" value="1299055"/>
					</include> 			
			</methods>	
			</class>
			
			
					<class name="com.reserve.apitesting.JournalCompleteItemPDF">
					<methods>						
						<include name="verifyCheckWhetherAbleToCreateJournal_CompleteItemPDF">
							<parameter name="testcaseid" value="1299056"/>
						</include> 
							<include name="verifyCheckWhetherAbleToReadJournal_CompleteItemPDF">
							<parameter name="testcaseid" value="1299057"/>
						</include> 
							<include name="verifyCheckWhetherAbleToUpdateJournal_CompleteItemPDF">
							<parameter name="testcaseid" value="1299058"/>
						</include> 							
						<include name="verifyCheckWhetherAbleToDeleteJournal_CompleteItemPDF">
							<parameter name="testcaseid" value="1299059"/>
						</include> 			
				</methods>	
				</class> 
				<class name="com.reserve.apitesting.JournalCoverItemPDF">
					<methods>						
						<include name="verifyCheckWhetherAbleToCreateJournal_CoverItemPDF">
							<parameter name="testcaseid" value="1299060"/>
						</include> 
							<include name="verifyCheckWhetherAbleToReadJournal_CoverItemPDF">
							<parameter name="testcaseid" value="1299061"/>
						</include> 
							<include name="verifyCheckWhetherAbleToUpdateJournal_CoverItemPDF">
							<parameter name="testcaseid" value="1299062"/>
						</include> 							
						<include name="verifyCheckWhetherAbleToDeleteJournal_CoverItemPDF">
							<parameter name="testcaseid" value="1299063"/>
						</include> 			
				</methods>	
				</class> 
				<class name="com.reserve.apitesting.JournalCoverItemPicture">
					<methods>						
						<include name="verifyCheckWhetherAbleToCreateJournal_CoverItemPicture">
							<parameter name="testcaseid" value="1299064"/>
						</include> 
							<include name="verifyCheckWhetherAbleToReadJournal_CoverItemPicture">
							<parameter name="testcaseid" value="1299065"/>
						</include> 
							<include name="verifyCheckWhetherAbleToUpdateJournal_CoverItemPicture">
							<parameter name="testcaseid" value="1299066"/>
						</include> 							
						<include name="verifyCheckWhetherAbleToDeleteJournal_CoverItemPicture">
							<parameter name="testcaseid" value="1299067"/>
						</include> 			
				</methods>	
				</class> 
				<class name="com.reserve.apitesting.JournalInnerworkItemPDF">
					<methods>						
						<include name="verifyCheckWhetherAbleToCreateJournal_InnerworkItemPDF">
							<parameter name="testcaseid" value="1299068"/>
						</include> 
							<include name="verifyCheckWhetherAbleToReadJournal_InnerWorkItemPDF">
							<parameter name="testcaseid" value="1299069"/>
						</include> 
							<include name="verifyCheckWhetherAbleToUpdateJournal_InnerWorkItemPDF">
							<parameter name="testcaseid" value="1299070"/>
						</include> 							
						<include name="verifyCheckWhetherAbleToDeleteJournal_InnerWorkItemPDF">
							<parameter name="testcaseid" value="1299071"/>
						</include> 			
				</methods>	
				</class> 
				
				<class name="com.reserve.apitesting.JournalPeripheralItem">
					<methods>						
						<include name="verifyCheckWhetherAbleToCreateJournal_PeripheralItem">
							<parameter name="testcaseid" value="1299072" />
						</include> 
							<include name="verifyCheckWhetherAbleToReadJournal_PeripheralItem">
							<parameter name="testcaseid" value="1299073" />
						</include> 
							<include name="verifyCheckWhetherAbleToUpdateJournal_PeripheralItem">
							<parameter name="testcaseid" value="1299074" />
						</include> 							
						<include name="verifyCheckWhetherAbleToDeleteJournal_PeripheralItem">
							<parameter name="testcaseid" value="1299075" />
						</include> 			
				</methods>	
				</class> 
				
				<class name="com.reserve.apitesting.JournalRawItemPDF">
					<methods>						
						<include name="verifyCheckWhetherAbleToCreateJournal_RawItemPDF">
							<parameter name="testcaseid" value="1299076"/>
						</include> 
							<include name="verifyCheckWhetherAbleToReadJournal_RawItemPDF">
							<parameter name="testcaseid" value="1299077"/>
						</include> 
							<include name="verifyCheckWhetherAbleToUpdateJournal_RawItemPDF">
							<parameter name="testcaseid" value="1299078"/>
						</include> 							
						<include name="verifyCheckWhetherAbleToDeleteJournal_RawItemPDF">
							<parameter name="testcaseid" value="1299079"/>
						</include> 			
				</methods>	
				</class>
			 	<class name="com.reserve.apitesting.JournalRawItemPicture">
					<methods>						
						<include name="verifyCheckWhetherAbleToCreateJournal_RawItemPicture">
							<parameter name="testcaseid" value="1299080"/>
						</include> 
							<include name="verifyCheckWhetherAbleToReadJournal_RawItemPicture">
							<parameter name="testcaseid" value="1299081"/>
						</include> 
							<include name="verifyCheckWhetherAbleToUpdateJournal_RawItemPicture">
							<parameter name="testcaseid" value="1299082"/>
						</include> 							
						<include name="verifyCheckWhetherAbleToDeleteJournal_RawItemPicture">
							<parameter name="testcaseid" value="1299083"/>
						</include> 			
				</methods>	
				</class>   
			<class name="com.reserve.apitesting.JournalRawItemAudio">
					<methods>						
						<include name="verifyCheckWhetherAbleToCreateJournal_RawItemAudio">
							<parameter name="testcaseid" value="1299084"/>
						</include> 
							<include name="verifyCheckWhetherAbleToReadJournal_RawItemAudio">
							<parameter name="testcaseid" value="1299085"/>
						</include> 
							<include name="verifyCheckWhetherAbleToUpdateJournal_RawItemAudio">
							<parameter name="testcaseid" value="1299086"/>
						</include> 							
						<include name="verifyCheckWhetherAbleToDeleteJournal_RawItemAudio">
							<parameter name="testcaseid" value="1299087"/>
						</include> 			
				</methods>	
				</class>
				<class name="com.reserve.apitesting.JournalRawItemVideo">
					<methods>						
						<include name="verifyCheckWhetherAbleToCreateJournal_RawItemVideo">
							<parameter name="testcaseid" value="1299088"/>
						</include> 
							<include name="verifyCheckWhetherAbleToReadJournal_RawItemVideo">
							<parameter name="testcaseid" value="1299089"/>
						</include> 
							<include name="verifyCheckWhetherAbleToUpdateJournal_RawItemVideo">
							<parameter name="testcaseid" value="1299090"/>
						</include> 							
						<include name="verifyCheckWhetherAbleToDeleteJournal_RawItemVideo">
							<parameter name="testcaseid" value="1299091"/>
						</include> 			
				</methods>	
				</class>    -->
				<!-- <class name="com.reserve.apitesting.SearchPublisher">
					<methods>						
						<include name="verifySearchPublisherID">
							<parameter name="testcaseid" value="1299092"/>
						</include> 
						<include name="verifySearchPublisherName">
							<parameter name="testcaseid" value="1299093"/>
						</include> 
							<include name="verifySearchPublisherTitle">
							<parameter name="testcaseid" value="1299094"/>
						</include> 
				</methods>	
				</class>
				<class name="com.reserve.apitesting.SearchClass">
					<methods>						
						<include name="verifySearchClassID">
							<parameter name="testcaseid" value="1299095"/>
						</include> 
						<include name="verifySearchClassDASTitle">
							<parameter name="testcaseid" value="1299096"/>
						</include> 
							<include name="verifySearchClassDCTitle">
							<parameter name="testcaseid" value="1299097"/>
						</include> 
				</methods>	
				</class>
				<class name="com.reserve.apitesting.SearchSubClass">
					<methods>						
						<include name="verifySearchSubClassID">
							<parameter name="testcaseid" value="1299098"/>
						</include> 
						<include name="verifySearchSubClassDASTitle">
							<parameter name="testcaseid" value="1299099"/>
						</include> 
							<include name="verifySearchSubClassDASPackage">
							<parameter name="testcaseid" value="1299100"/>
						</include> 
						<include name="verifySearchSubClassDASClassAndSubClassTitle">
							<parameter name="testcaseid" value="1299101"/>
						</include> 
				</methods>	
				</class>   -->
				
				<!-- 		<class name="com.reserve.apitesting.SearchMember">
					<methods>						
						<include name="verifySearchMemberID">
							<parameter name="testcaseid" value="1299102" />
						</include> 
							<include name="verifySearchMemberTitle">
							<parameter name="testcaseid" value="1299103" />
						</include> 
						<include name="verifySearchSubTitleMemberTitle">
							<parameter name="testcaseid" value="1299104" />
						</include> 
							<include name="verifySearchMemberType">
							<parameter name="testcaseid" value="1299105" />
						</include>
				</methods>	
				</class> 
				
			<class name="com.reserve.apitesting.SearchItem">
					<methods>						
						<include name="verifySearchItemID">
							<parameter name="testcaseid" value="1299106" />
						</include>
						<include name="verifySearchItemDASName">
							<parameter name="testcaseid" value="1299107" />
						</include> 
						<include name="verifySearchItemSpecficPublisher_ItemID">
							<parameter name="testcaseid" value="1299108" />
						</include> 
						<include name="verifySearchItemSpecficPublisher">
							<parameter name="testcaseid" value="1299109" />
						</include> 
				</methods>	
				</class> 
				
				<class name="com.reserve.apitesting.DocumentExistAndS3Dropoff">
					<methods>						
						<include name="verifyDocumentExist">
							<parameter name="testcaseid" value="1299110" />
						</include>
						<include name="verifyS3Dropoff">
							<parameter name="testcaseid" value="1299111" />
						</include>
				</methods>	
				</class> 
				 -->
		</classes>
	</test>

</suite>
